{
  "annotations": {
    "list": [
      {
        "builtIn": 1,
        "datasource": {
          "type": "datasource",
          "uid": "grafana"
        },
        "enable": true,
        "hide": true,
        "iconColor": "rgba(0, 211, 255, 1)",
        "name": "Annotations & Alerts",
        "target": {
          "limit": 100,
          "matchAny": false,
          "tags": [],
          "type": "dashboard"
        },
        "type": "dashboard"
      }
    ]
  },
  "editable": true,
  "fiscalYearStartMonth": 0,
  "graphTooltip": 0,
  "id": null,
  "links": [
    {
      "asDropdown": true,
      "icon": "external link",
      "includeVars": false,
      "keepTime": false,
      "tags": [
        "k8s"
      ],
      "targetBlank": false,
      "title": "Dashboards",
      "tooltip": "",
      "type": "dashboards",
      "url": ""
    }
  ],
  "liveNow": false,
  "panels": [
    {
      "datasource": {
        "type": "loki",
        "uid": "P8E80F9AEF21F6940"
      },
      "gridPos": {
        "h": 2,
        "w": 3,
        "x": 0,
        "y": 0
      },
      "id": null,
      "options": {
        "code": {
          "language": "plaintext",
          "showLineNumbers": false,
          "showMiniMap": false
        },
        "content": "[![button](https://grafanadashboard.s3.us-east-2.amazonaws.com/server.PNG)](https://hostname/grafana/d/server/)",
        "mode": "markdown"
      },
      "pluginVersion": "9.5.2",
      "targets": [
        {
          "datasource": {
            "type": "loki",
            "uid": "P8E80F9AEF21F6940"
          },
          "refId": "A"
        }
      ],
      "type": "text"
    },
    {
      "datasource": {
        "type": "loki",
        "uid": "P8E80F9AEF21F6940"
      },
      "gridPos": {
        "h": 2,
        "w": 4,
        "x": 3,
        "y": 0
      },
      "id": null,
      "options": {
        "code": {
          "language": "plaintext",
          "showLineNumbers": false,
          "showMiniMap": false
        },
        "content": "[![button](https://grafanadashboard.s3.us-east-2.amazonaws.com/slogs.PNG)](https://hostname/grafana/d/sharder/)",
        "mode": "markdown"
      },
      "pluginVersion": "9.5.2",
      "targets": [
        {
          "datasource": {
            "type": "loki",
            "uid": "P8E80F9AEF21F6940"
          },
          "refId": "A"
        }
      ],
      "type": "text"
    }
  ],
  "refresh": "",
  "schemaVersion": 38,
  "style": "dark",
  "tags": [],
  "templating": {
    "list": []
  },
  "time": {
    "from": "now-6h",
    "to": "now"
  },
  "timepicker": {},
  "timezone": "",
  "title": "Home Page",
  "uid": "homepage_sharder",
  "version": 1,
  "weekStart": ""
}